Sample,Index
HG00640,0
HG01669,1
HG00138,2
HG01356,3
HG00651,4
HG02030,5
HG02031,6
HG02300,7
NA12343,8
HG01865,9
HG02408,10
HG02409,11
HG01372,12
HG01939,13
HG00732,14
HG02220,15
HG01383,16
HGDP00003,17
HGDP00060,18
HGDP00062,19
HGDP00064,20
HGDP00066,21
HGDP00068,22
HG00178,23
HGDP01366,24
HGDP01367,25
HG00638,26
HG01392,27
HG01393,28
HG01395,29
HG01396,30
HG01398,31
HG00140,32
HG00337,33
NA19043,34
NA19428,35
NA19429,36
HG01956,37
NA19096,38
HGDP00993,39
NA19338,40
HG01976,41
HGDP00995,42
HGDP00999,43
HGDP00226,44
NA11839,45
HG02253,46
LP6005441-DNA_F10,47
HG03701,48
NA21127,49
HG01437,50
HGDP00854,51
HGDP00858,52
HGDP00859,53
HG00671,54
HGDP01293,55
HGDP01294,56
HG01148,57
HG02180,58
HG03350,59
NA19257,60
HGDP00876,61
NA19749,62
HG00320,63
HG01703,64
HG01705,65
HG01708,66
HG01150,67
HG01164,68
HG00442,69
HG00592,70
HG00595,71
HG00596,72
HG00597,73
HG00598,74
HG00428,75
NA18528,76
HG02585,77
HG02895,78
HG02896,79
HG01766,80
HG03808,81
HG01844,82
HGDP01214,83
HG03976,84
HGDP00513,85
NA06994,86
NA20790,87
HG01853,88
HGDP00491,89
HG03006,90
HGDP00490,91
HG01802,92
SS6004467,93
NA12386,94
NA12889,95
HGDP00479,96
HGDP01090,97
HGDP01092,98
HG00552,99
HG01094,100
HGDP01094,101
HG01095,102
HG01096,103
HG01097,104
HG01098,105
HG01099,106
HGDP01339,107
HGDP01354,108
NA11933,109
HG00237,110
HGDP00187,111
HG01284,112
HG01360,113
HG01361,114
HG01362,115
HG01363,116
HG01367,117
HG01369,118
NA18515,119
NA18934,120
HG00706,121
NA19083,122
HG03858,123
HGDP01342,124
HG01940,125
NA19663,126
NA19665,127
NA10835,128
NA12234,129
HG01631,130
HGDP00307,131
HG01586,132
HG03968,133
HG03969,134
HG02666,135
HG02841,136
HG02974,137
HG03120,138
HG03129,139
NA19036,140
NA19041,141
NA19042,142
HG00263,143
HG02492,144
HG03021,145
HG03022,146
HG00558,147
HG00610,148
HG00612,149
HG00613,150
HG00615,151
HG00743,152
LP6005441-DNA_C02,153
HG01260,154
NA19782,155
NA19783,156
NA19784,157
HG00622,158
HG00674,159
HG00675,160
HG01993,161
NA19670,162
NA19677,163
HG03473,164
HG03547,165
HG03548,166
HG01114,167
HG01521,168
HGDP00721,169
LP6005443-DNA_F07,170
HG01068,171
HG01402,172
HG01403,173
HG01405,174
NA12813,175
NA19656,176
NA12485,177
NA12775,178
HG00232,179
HG01136,180
HG02025,181
HG00472,182
HG01600,183
HG01170,184
HG01171,185
HG01172,186
HG01173,187
HG01174,188
HG01175,189
HG01176,190
HG01177,191
HG01178,192
HG00683,193
HG00685,194
HG00689,195
HG01255,196
NA12489,197
NA20859,198
HGDP01156,199
NA10838,200
HG01790,201
LP6005441-DNA_G10,202
HG01088,203
HGDP00837,204
HGDP00838,205
HG02088,206
HGDP00712,207
HG02659,208
HG03754,209
HG01341,210
NA19730,211
NA19732,212
HG00362,213
NA12776,214
HGDP00777,215
NA18562,216
NA18563,217
HG01523,218
NA11843,219
HG02401,220
LP6005441-DNA_G03,221
NA19375,222
NA19401,223
NA19403,224
NA19404,225
HG02688,226
HG04062,227
NA19190,228
NA19210,229
NA19211,230
HG03802,231
HG01058,232
NA21114,233
HG00445,234
HGDP01059,235
NA20895,236
NA21090,237
NA21092,238
NA21093,239
NA21094,240
HGDP00103,241
HGDP00104,242
HGDP00105,243
HGDP00106,244
HGDP00108,245
HGDP00109,246
HG01101,247
HGDP00970,248
HG01804,249
HGDP00821,250
HGDP00891,251
NA12891,252
NA19659,253
NA19720,254
NA19721,255
NA19723,256
NA19724,257
NA19726,258
NA19727,259
NA19728,260
NA19729,261
NA18993,262
NA19055,263
NA19056,264
NA19057,265
NA19058,266
NA19059,267
HG03373,268
HGDP00943,269
HG03134,270
HG03189,271
HG01858,272
NA18611,273
NA18616,274
NA18618,275
HG01812,276
HG03929,277
HG02089,278
NA19675,279
NA19678,280
HGDP00149,281
HG00318,282
HG00380,283
HG00381,284
HG00382,285
HG00383,286
HG00384,287
NA19780,288
NA19785,289
NA19786,290
NA19787,291
HG02020,292
HG02113,293
HG02116,294
HG01805,295
HG02018,296
HG02019,297
HG03366,298
HG03367,299
HG03368,300
HG02291,301
NA11992,302
NA11995,303
HG00851,304
HG01579,305
HG02292,306
HG02293,307
HG02299,308
HG01922,309
NA19722,310
HG00313,311
HG03904,312
HG03906,313
HG02072,314
HGDP00607,315
HGDP00701,316
HG01515,317
HG01672,318
HG00245,319
NA11893,320
HG01676,321
HG01677,322
HG01678,323
HG01607,324
HG02236,325
HG02237,326
HGDP00957,327
NA18642,328
NA18644,329
HG01513,330
HGDP01372,331
HGDP01373,332
HGDP01375,333
HGDP01377,334
HGDP01379,335
HG02258,336
HG02314,337
HG02315,338
HG02279,339
NA20814,340
NA19776,341
NA19790,342
HG02073,343
HG02121,344
HG02023,345
HG02026,346
HG02027,347
HG02028,348
HG02029,349
HG01365,350
HG01550,351
HG02375,352
NA18972,353
NA18977,354
NA18979,355
NA20511,356
NA20512,357
NA20515,358
NA20517,359
NA20518,360
NA20519,361
NA07048,362
NA10861,363
NA10865,364
NA12264,365
NA12707,366
HG02390,367
HGDP01238,368
HG01975,369
NA19731,370
NA19733,371
NA19735,372
NA10859,373
NA11930,374
NA11931,375
NA11932,376
HG01841,377
HG01846,378
NA07345,379
NA11829,380
NA19117,381
NA19239,382
HG01490,383
HG01491,384
HG01492,385
HG01493,386
HG01494,387
HG01495,388
HG01496,389
HG01497,390
HG01498,391
HG01499,392
LP6005441-DNA_B12,393
HGDP00952,394
HG00559,395
HGDP00173,396
HG01864,397
HG02785,398
HG00608,399
NA18606,400
HG00346,401
HGDP00551,402
HGDP00553,403
HG02380,404
HG02382,405
HG02383,406
HG02384,407
HG02385,408
HG02386,409
HG02389,410
HG03862,411
HG04018,412
HG04019,413
HG00141,414
HG04025,415
NA21107,416
HG00353,417
NA07014,418
HG00556,419
NA18947,420
HG00355,421
HGDP00880,422
HGDP00881,423
HGDP00884,424
HGDP00886,425
HGDP00888,426
HGDP00889,427
HG03589,428
HG03806,429
NA18964,430
NA18980,431
NA18982,432
NA18983,433
NA18984,434
NA18985,435
NA18986,436
NA18987,437
NA18988,438
HG02379,439
LP6005443-DNA_F01,440
HG00553,441
HG00740,442
HG00741,443
HG00742,444
HG00329,445
HG02287,446
HG01277,447
HG02273,448
HG02278,449
HG03116,450
HG03480,451
HG03486,452
HGDP01296,453
HGDP00655,454
NA18623,455
HG01556,456
HG02002,457
HG02004,458
HG02008,459
HG01519,460
HG01528,461
HGDP00806,462
NA19140,463
NA20128,464
NA11993,465
HG00465,466
HG03804,467
HG01573,468
HG00652,469
HG03169,470
HG03499,471
NA12877,472
HG02351,473
HG02250,474
HG02355,475
HG02356,476
HG02495,477
HGDP00025,478
HG00766,479
HG01414,480
HGDP00871,481
HG01615,482
NA12400,483
HG01857,484
LP6005441-DNA_D05,485
HG00278,486
HGDP00351,487
HGDP00800,488
NA19921,489
HGDP01257,490
HGDP01260,491
HGDP01261,492
HGDP01262,493
HGDP01263,494
HGDP01264,495
HGDP01265,496
HGDP01266,497
HGDP01267,498
HGDP01268,499
HGDP01269,500
HG02081,501
HG02082,502
HG02083,503
HG02084,504
HG02085,505
HG02087,506
HG01681,507
NA12005,508
HG00246,509
NA20542,510
HG00115,511
HG00258,512
HG02090,513
HG02554,514
HG02512,515
HG02513,516
HGDP01013,517
NA19752,518
NA19755,519
NA19756,520
NA19757,521
NA19758,522
NA19759,523
HG02601,524
HG03631,525
HG02367,526
HG02265,527
HGDP00772,528
NA19748,529
NA20752,530
NA20753,531
NA20758,532
HGDP00035,533
HGDP00140,534
HGDP00141,535
HGDP00143,536
HGDP00144,537
HGDP00145,538
HGDP00146,539
HGDP00148,540
HGDP01311,541
HGDP01330,542
HGDP01331,543
HGDP01336,544
HG01107,545
HGDP01182,546
HGDP01184,547
HGDP01189,548
NA18939,549
NA19717,550
HG03752,551
HG03753,552
HG03755,553
HG03756,554
HG02604,555
NA20900,556
NA19789,557
HGDP00811,558
NA19001,559
NA19003,560
HG03780,561
HGDP00254,562
HG01347,563
HG01617,564
HG01618,565
HG01619,566
HG02776,567
HGDP00082,568
HG01254,569
NA12830A,570
HG01250,571
NA12376,572
HG01431,573
HGDP01041,574
HGDP00760,575
HGDP00945,576
NA20359,577
NA20362,578
HG01440,579
HGDP01374,580
HGDP01376,581
HG02339,582
HG02505,583
HG01503,584
HG02230,585
HG02239,586
HG02980,587
NA19160,588
HG00272,589
LP6005441-DNA_F08,590
HG00308,591
NA10856,592
HG00129,593
HGDP00885,594
HGDP01216,595
NA18592,596
NA18970,597
NA19005,598
NA19006,599
NA19007,600
HG03111,601
HG03130,602
HG03131,603
HG03132,604
HG03133,605
HG03135,606
HG01334,607
HG04059,608
HG00663,609
HGDP00748,610
HG00707,611
NA18971,612
LP6005441-DNA_H10,613
NA18582,614
HG01464,615
HG01682,616
HG01259,617
HG01280,618
HG01281,619
HG00609,620
HGDP01247,621
HG01924,622
LP6005441-DNA_B04,623
HG03600,624
HG03854,625
HG02526,626
LP6005592-DNA_D03,627
HG01762,628
HGDP01361,629
HGDP01363,630
HGDP01369,631
HG02091,632
HG00179,633
HGDP00900,634
HG01261,635
HG01312,636
HGDP00692,637
HGDP00740,638
HGDP00745,639
HGDP00746,640
HG00282,641
HGDP00882,642
HGDP00883,643
NA19760,644
NA19763,645
HGDP00590,646
HGDP00591,647
HGDP00594,648
HG00251,649
NA12154,650
NA18535,651
NA18536,652
HGDP00787,653
HGDP01192,654
HG00557,655
NA18612,656
NA18614,657
NA18617,658
HG01443,659
HG01444,660
HG01447,661
HG01516,662
HG01517,663
HG00525,664
NA20514,665
HG01514,666
HG04133,667
HG03990,668
HG03992,669
HG03998,670
HG03999,671
HG02425,672
NA19084,673
HG00405,674
NA18952,675
HG00621,676
HGDP00873,677
HGDP00875,678
HG00694,679
HGDP01289,680
HG01941,681
HG02725,682
HG00306,683
HG02235,684
HG02238,685
HGDP01024,686
NA19079,687
HGDP00516,688
NA12890,689
HG02024,690
HG00142,691
NA20540,692
HG03015,693
NA20510,694
HG00099,695
HG01622,696
HG00458,697
NA18966,698
NA18968,699
NA18969,700
HG01697,701
HG01779,702
HG03374,703
LP6005441-DNA_D03,704
LP6005441-DNA_D07,705
NA20854,706
NA21101,707
HG00702,708
NA18627,709
NA18628,710
HGDP00929,711
HGDP00938,712
NA19664,713
HG02013,714
HG03268,715
NA19449,716
NA19451,717
NA19452,718
NA19454,719
NA19455,720
NA19456,721
NA19457,722
HG01609,723
HG02048,724
NA18636,725
HG02059,726
LP6005441-DNA_D04,727
NA18745,728
NA18747,729
HG03851,730
HG03884,731
HG03885,732
HG03886,733
HG03887,734
HG00330,735
HG00335,736
HG00273,737
HGDP00795,738
HG01800,739
HG02140,740
HG02141,741
HG01552,742
HG03830,743
HGDP00037,744
NA19000,745
NA19002,746
HG01926,747
HGDP01317,748
HGDP00688,749
HGDP00690,750
HGDP00693,751
HGDP00694,752
HGDP00696,753
HGDP00697,754
HGDP00698,755
NA19012,756
HGDP01416,757
HGDP01418,758
HGDP01419,759
HG02035,760
HG03234,761
HG00110,762
HG01952,763
HG01074,764
HG01092,765
HG02049,766
HGDP00946,767
HGDP01102,768
HG02151,769
HG02155,770
HG02156,771
HG03618,772
HGDP00161,773
HGDP00780,774
HGDP00786,775
NA18637,776
NA18640,777
NA18641,778
NA18643,779
NA18646,780
HG03302,781
NA19120,782
HGDP01222,783
NA19091,784
NA19671,785
HGDP01190,786
HGDP01194,787
HGDP01195,788
HGDP01197,789
HG00150,790
HGDP00290,791
HGDP01155,792
NA12003,793
HG00109,794
NA12004,795
HGDP00754,796
NA18990,797
NA18991,798
NA18994,799
NA18997,800
NA18998,801
NA18999,802
HG01817,803
LP6005443-DNA_E09,804
HG00429,805
HG00533,806
HG00534,807
NA12006,808
HG00244,809
HG00345,810
HG00349,811
HG00332,812
NA12348,813
HG00447,814
HG00474,815
HG00476,816
HG00478,817
HG03298,818
HG03343,819
HG03344,820
HG01934,821
HG02102,822
HG02104,823
HG02105,824
HG02106,825
HG00262,826
HG00453,827
NA18610,828
NA18619,829
HG02257,830
NA19028,831
HGDP00985,832
LP6005441-DNA_H02,833
HG01701,834
LP6005441-DNA_D08,835
HG03397,836
LP6005441-DNA_D09,837
NA12329,838
HG02221,839
HG02229,840
HG00275,841
HG00122,842
LP6005441-DNA_C09,843
NA18989,844
HG03687,845
HGDP01356,846
HG01056,847
HG00611,848
HG00614,849
HG03643,850
HG00619,851
HG01794,852
HGDP01205,853
HGDP01207,854
HG00268,855
NA12767,856
HG00583,857
HG00703,858
HG00709,859
HG00656,860
HG02152,861
LP6005441-DNA_A12,862
NA18558,863
NA19310,864
NA19380,865
NA19383,866
NA19384,867
NA19385,868
HG01799,869
HGDP01245,870
HG02392,871
HG02395,872
HG02397,873
HG02398,874
LP6005441-DNA_F05,875
HG01536,876
HGDP01360,877
NA20774,878
NA20800,879
NA20801,880
NA20808,881
HG03991,882
HG04107,883
LP6005441-DNA_F12,884
NA18591,885
NA12239,886
NA12864,887
HG00097,888
HGDP00810,889
HG00844,890
HG01840,891
LP6005443-DNA_E01,892
HG01997,893
HG01998,894
HG02373,895
HG00698,896
HG01795,897
HG01798,898
HG03060,899
HG03380,900
HG03382,901
HG02788,902
HG02790,903
HG02791,904
HG02792,905
HG02793,906
HG02794,907
HGDP01313,908
HGDP01318,909
HGDP01319,910
HG02146,911
HGDP01050,912
HGDP01051,913
HGDP01053,914
HGDP01055,915
HGDP01056,916
HGDP01057,917
HGDP01058,918
NA18630,919
NA18631,920
NA12248,921
NA12249,922
HG00737,923
HG01050,924
HG01051,925
HG01052,926
HG01054,927
HG01055,928
NA18552,929
NA18555,930
NA06986,931
NA12342,932
HG01465,933
NA12760,934
HGDP01381,935
HG00116,936
HG01923,937
HG01970,938
HG01971,939
HG01972,940
HG01973,941
HG01974,942
HG01977,943
HG01978,944
HG01979,945
HG01110,946
HGDP00832,947
HG02345,948
HG02348,949
HGDP01043,950
NA19716,951
NA19718,952
NA19719,953
HG00378,954
HGDP00879,955
HG02184,956
HG02514,957
HGDP01014,958
NA18487,959
NA18520,960
NA18521,961
NA18523,962
NA18981,963
HG02285,964
HG02286,965
HG02525,966
HG01980,967
HG01981,968
HG01982,969
HG01984,970
HG02479,971
NA18500,972
NA18501,973
HG02981,974
HG03514,975
HG03515,976
HG03516,977
HG03517,978
HG02178,979
LP6005443-DNA_B01,980
HG01945,981
HG02260,982
SS6004476,983
HGDP01186,984
NA18538,985
HG01086,986
HG01111,987
HG01121,988
HG01918,989
HGDP00544,990
NA19775,991
HG01700,992
HG03709,993
HG03978,994
NA19307,995
NA19308,996
NA19309,997
NA19794,998
NA19795,999
NA19796,1000
HG01161,1001
HG01162,1002
HG01167,1003
HG01168,1004
HG01169,1005
HG01198,1006
NA12817,1007
HGDP00930,1008
HG01141,1009
HGDP01370,1010
HG02222,1011
HG01256,1012
HGDP00466,1013
HGDP00981,1014
HGDP00986,1015
HG01684,1016
HG03989,1017
HG04075,1018
HG00759,1019
HGDP00973,1020
NA18565,1021
HGDP00262,1022
NA12777,1023
HG02660,1024
NA19685,1025
NA19686,1026
HG01379,1027
LP6005441-DNA_D02,1028
HGDP00864,1029
HGDP01010,1030
HGDP01019,1031
NA19209,1032
HG00274,1033
HG00304,1034
HG00309,1035
NA18910,1036
NA19099,1037
HG02668,1038
HGDP00869,1039
HG00459,1040
HGDP01196,1041
HGDP00606,1042
HGDP01174,1043
HGDP01321,1044
HG02501,1045
NA19161,1046
HG00594,1047
HG01796,1048
HG03095,1049
HG03451,1050
HG00423,1051
HGDP00856,1052
HG03454,1053
HG03457,1054
HG03458,1055
HG00100,1056
NA10857,1057
HG02684,1058
HG02003,1059
HG02402,1060
HG02406,1061
HG02407,1062
HG01346,1063
HGDP00944,1064
NA19761,1065
HG02682,1066
HG02686,1067
HG02654,1068
HGDP00897,1069
HG00657,1070
HG01807,1071
HG01809,1072
HG03817,1073
HG01286,1074
HG00173,1075
HG01675,1076
HG01350,1077
HG01352,1078
HG01359,1079
HG03598,1080
NA20766,1081
HG02040,1082
HG02047,1083
HG02783,1084
HG01029,1085
HGDP01309,1086
HG01947,1087
HGDP00072,1088
HGDP00074,1089
HGDP00076,1090
HGDP00078,1091
HG03805,1092
HG00342,1093
HG00344,1094
NA20811,1095
HG00406,1096
HG00729,1097
HG01777,1098
NA19725,1099
NA19430,1100
NA19431,1101
NA19434,1102
NA19435,1103
NA19436,1104
NA19437,1105
NA19438,1106
NA19439,1107
HGDP00715,1108
HG01062,1109
HG01520,1110
HG01302,1111
HG01303,1112
HG01305,1113
HG01308,1114
NA12287,1115
NA12766,1116
HG02309,1117
HG02642,1118
HG03391,1119
NA18530,1120
NA18532,1121
HG00157,1122
NA12145,1123
HG00107,1124
NA07346,1125
NA07347,1126
HGDP01227,1127
HG00477,1128
HG00673,1129
HGDP01204,1130
NA19679,1131
HG01047,1132
HGDP00902,1133
HGDP00529,1134
NA20513,1135
HG01375,1136
HG01376,1137
HG01378,1138
HGDP00807,1139
NA11831,1140
HG01597,1141
NA18599,1142
HG00639,1143
NA07019,1144
NA20853,1145
HG02855,1146
HG02856,1147
HG03137,1148
HG03139,1149
HG01354,1150
NA12144,1151
HG00620,1152
HG00623,1153
HG00626,1154
HG00627,1155
HG00628,1156
HG00629,1157
NA18876,1158
NA19237,1159
HG02071,1160
HG00684,1161
HGDP01027,1162
HG01530,1163
HGDP01234,1164
HGDP01239,1165
HG01412,1166
HG01413,1167
HG01785,1168
HGDP01359,1169
LP6005443-DNA_G01,1170
HG02190,1171
HG02522,1172
HGDP01353,1173
NA19078,1174
HG03491,1175
HG03492,1176
HGDP01031,1177
NA19223,1178
HG01182,1179
HG01183,1180
HG01184,1181
HG01187,1182
HG01188,1183
HG01189,1184
HGDP00759,1185
NA18638,1186
HG02562,1187
HG02611,1188
HG00690,1189
HG00692,1190
HG00693,1191
HG00699,1192
HG02080,1193
HGDP00843,1194
HGDP00849,1195
NA12282,1196
NA12414,1197
HG03767,1198
HG02558,1199
HG00404,1200
HGDP00115,1201
NA19740,1202
NA19741,1203
NA19746,1204
NA19747,1205
NA18574,1206
NA18940,1207
HG00323,1208
HG00151,1209
HG03777,1210
HG02252,1211
HG04099,1212
NA19221,1213
NA19222,1214
NA20905,1215
NA21100,1216
HGDP00110,1217
HGDP00118,1218
HGDP00119,1219
LP6005443-DNA_D02,1220
HG03314,1221
HGDP01411,1222
NA19734,1223
NA19060,1224
NA19063,1225
NA19064,1226
NA19066,1227
NA19067,1228
NA19068,1229
HG03191,1230
HG03193,1231
HG03195,1232
HG03196,1233
HG03197,1234
HG03198,1235
HG01063,1236
HG03930,1237
HGDP00784,1238
HGDP00868,1239
NA19681,1240
NA19682,1241
HG00366,1242
HG03265,1243
HG02128,1244
HG02129,1245
HGDP00954,1246
LP6005443-DNA_C02,1247
HG03370,1248
HG03371,1249
HG03372,1250
HG00864,1251
HG00867,1252
HG00133,1253
HG01081,1254
HG01242,1255
HG01243,1256
HG01247,1257
HG01248,1258
HG01249,1259
HG03931,1260
HG04194,1261
NA18602,1262
NA18609,1263
HG01070,1264
HG01920,1265
HG03950,1266
NA18603,1267
HG01680,1268
HG03484,1269
NA19468,1270
HG02321,1271
HG01775,1272
HG01776,1273
HGDP00969,1274
HGDP01334,1275
HG01938,1276
LP6005441-DNA_G06,1277
LP6005441-DNA_G07,1278
HG01125,1279
HG02147,1280
HG02148,1281
HG02133,1282
HG02138,1283
HG01565,1284
HG00582,1285
NA18945,1286
HG01384,1287
NA20521,1288
NA20529,1289
NA12716,1290
HG04106,1291
HGDP00423,1292
HGDP00311,1293
HGDP01229,1294
HG01859,1295
NA19467,1296
NA19248,1297
HG02394,1298
NA18865,1299
NA18867,1300
NA18868,1301
NA18869,1302
HG01252,1303
LP6005441-DNA_A04,1304
HG02391,1305
HG02396,1306
HG02399,1307
HGDP00543,1308
LP6005441-DNA_F03,1309
NA21125,1310
HG04022,1311
NA21119,1312
NA07022,1313
HG00561,1314
HG00565,1315
NA18519,1316
NA19177,1317
HGDP00890,1318
HGDP00892,1319
HGDP00893,1320
HGDP00894,1321
HGDP00895,1322
HGDP00896,1323
HGDP00898,1324
HGDP00899,1325
HG03815,1326
HG03816,1327
NA18992,1328
HG03803,1329
LP6005442-DNA_F01,1330
HG01505,1331
NA10860,1332
HG02419,1333
HG03296,1334
HG00500,1335
HG00501,1336
HG00502,1337
NA11918,1338
HG00240,1339
NA12842,1340
NA18531,1341
HG03965,1342
LP6005441-DNA_F06,1343
HG00280,1344
HG03626,1345
HGDP00955,1346
HGDP01206,1347
HGDP01209,1348
NA12283,1349
HG01748,1350
HG01770,1351
HG01771,1352
HG01778,1353
HGDP00033,1354
HG01598,1355
NA21124,1356
HG03910,1357
NA12413,1358
HG01767,1359
HGDP01177,1360
LP6005441-DNA_D12,1361
HG00634,1362
HG00704,1363
NA07029,1364
HGDP01272,1365
HGDP01273,1366
HGDP01275,1367
HGDP01276,1368
HGDP01277,1369
HGDP01310,1370
LP6005441-DNA_B09,1371
HG00266,1372
HG02771,1373
HG03241,1374
HG03242,1375
HG03248,1376
NA19065,1377
NA19762,1378
NA19764,1379
HG01140,1380
NA11881,1381
HGDP01362,1382
NA20764,1383
NA20765,1384
NA20768,1385
NA20769,1386
HGDP00151,1387
HGDP00153,1388
HGDP00154,1389
HGDP00155,1390
HGDP00158,1391
HGDP01346,1392
HG04198,1393
HG03760,1394
HGDP01101,1395
HGDP01103,1396
HG03763,1397
HG04131,1398
HG01621,1399
NA18957,1400
LP6005441-DNA_H03,1401
HGDP00564,1402
HGDP00953,1403
HG03109,1404
NA19462,1405
NA07056,1406
HG00420,1407
HGDP01388,1408
NA10863,1409
HGDP00765,1410
HG00108,1411
HGDP00134,1412
HG02259,1413
HGDP01378,1414
HGDP00703,1415
NA10830,1416
HG00101,1417
HG00102,1418
HG00103,1419
HG00449,1420
HG03943,1421
HG04210,1422
HG04215,1423
HG04216,1424
HG02271,1425
HG01527,1426
HGDP01358,1427
NA19770,1428
NA19771,1429
HGDP00021,1430
HGDP00023,1431
NA19774,1432
NA19778,1433
HG00637,1434
NA07349,1435
NA18541,1436
HG03688,1437
HG03944,1438
HG03949,1439
HG01455,1440
HG01456,1441
HG01457,1442
HG01459,1443
NA20531,1444
HG00881,1445
NA19093,1446
HGDP00397,1447
LP6005441-DNA_E03,1448
NA20762,1449
NA20798,1450
HG00319,1451
HGDP01347,1452
NA20802,1453
NA20803,1454
HG01961,1455
HG01511,1456
NA19147,1457
NA19204,1458
NA19205,1459
NA19207,1460
NA18941,1461
NA18942,1462
NA18946,1463
NA18949,1464
NA19085,1465
HG01781,1466
HGDP00522,1467
HGDP00527,1468
HG04039,1469
HG04214,1470
HG01102,1471
HG03629,1472
HG03157,1473
NA19123,1474
NA19129,1475
HGDP00940,1476
HGDP00941,1477
NA19684,1478
HG01506,1479
HGDP01387,1480
NA19461,1481
NA19463,1482
NA19466,1483
HG00599,1484
HG02726,1485
HG01206,1486
HG03890,1487
HG03894,1488
HG03895,1489
HG03897,1490
HG03898,1491
HG03899,1492
HG01486,1493
HGDP01357,1494
HG02154,1495
HG02223,1496
NA19011,1497
HGDP01009,1498
HG00531,1499
HG00590,1500
HG00158,1501
HG02050,1502
HG02056,1503
HG02057,1504
HG00339,1505
HG02165,1506
HG00536,1507
HGDP01251,1508
HG00276,1509
HGDP00799,1510
HG02455,1511
HG01763,1512
NA19472,1513
NA20351,1514
NA10836,1515
NA10846,1516
NA19443,1517
HG03619,1518
HGDP01243,1519
NA12828,1520
HG03351,1521
HG03352,1522
HGDP00572,1523
NA20786,1524
NA20787,1525
NA18625,1526
HG00182,1527
NA19035,1528
NA18874A,1529
HG00132,1530
NA07435,1531
HG00343,1532
HG01537,1533
HG01113,1534
HG04238,1535
NA18757,1536
NA19095,1537
HG01205,1538
HG03485,1539
NA12336,1540
HG01278,1541
HG01932,1542
HG02451,1543
HG02470,1544
HG03128,1545
LP6005441-DNA_F07,1546
SS6004470,1547
HGDP01217,1548
HG01087,1549
HGDP01072,1550
HG01342,1551
HG02374,1552
LP6005441-DNA_E10,1553
HG01200,1554
HG01204,1555
NA18567,1556
HGDP01067,1557
HGDP01400,1558
NA19390,1559
NA19391,1560
NA19393,1561
NA19394,1562
NA19397,1563
NA19399,1564
NA20813,1565
NA20818,1566
NA12872,1567
NA12399,1568
NA12878,1569
HGDP01021,1570
HG02596,1571
HG03048,1572
HGDP01023,1573
HG03049,1574
HG00708,1575
HG01808,1576
HG01531,1577
HGDP00047,1578
HG03394,1579
HG02150,1580
HGDP01322,1581
HGDP01326,1582
NA11894,1583
HGDP01060,1584
NA18645,1585
HG03782,1586
HG03967,1587
HG01060,1588
HG01061,1589
HG02131,1590
HG01064,1591
HG01066,1592
HG01067,1593
HG01069,1594
NA18560,1595
HGDP00086,1596
NA11917,1597
HG01983,1598
HGDP00845,1599
HGDP00550,1600
LP6005443-DNA_D08,1601
HG02523,1602
HG01969,1603
HG01811,1604
NA19773,1605
NA19777,1606
HG01772,1607
HGDP01327,1608
HG02298,1609
HG01991,1610
HG00255,1611
HG02944,1612
NA18488,1613
HG02078,1614
HG02032,1615
HG03916,1616
HGDP00920,1617
HGDP00926,1618
HGDP01292,1619
HG01928,1620
HG00551,1621
HG03857,1622
HG04151,1623
HG04176,1624
NA19312,1625
NA19314,1626
NA19315,1627
NA19316,1628
NA19317,1629
NA19318,1630
NA19319,1631
HG02521,1632
HGDP01380,1633
HG02231,1634
HGDP00547,1635
HGDP01073,1636
HG01702,1637
NA12058,1638
NA18570,1639
HGDP00539,1640
HGDP00511,1641
HGDP00739,1642
HG01674,1643
HGDP00651,1644
HGDP01403,1645
HG00310,1646
HG00311,1647
HG00315,1648
HG02816,1649
HG02982,1650
HG03297,1651
LP6005442-DNA_A02,1652
HG00369,1653
HGDP00909,1654
LP6005441-DNA_E07,1655
HGDP00797,1656
NA12892,1657
HG02613,1658
HG02614,1659
HG02615,1660
NA18498,1661
NA19142,1662
HG00125,1663
NA07051,1664
HG03460,1665
HG03461,1666
NA10842,1667
NA12874,1668
HG01843,1669
HG00250,1670
HGDP00588,1671
LP6005441-DNA_H05,1672
HG01816,1673
NA20770,1674
HG01950,1675
HG01953,1676
HG02784,1677
LP6005441-DNA_G11,1678
HG01801,1679
HG01806,1680
HGDP00080,1681
HGDP00088,1682
HGDP01384,1683
HG00356,1684
HG00358,1685
NA20827,1686
NA19440,1687
NA19445,1688
NA19446,1689
NA19448,1690
NA12761,1691
HG01432,1692
HG02215,1693
HGDP01037,1694
HGDP00523,1695
NA12812,1696
HG01311,1697
NA20534,1698
NA20587,1699
NA20589,1700
HG02597,1701
HG02485,1702
NA19017,1703
HG03832,1704
HG00111,1705
NA18545,1706
NA12818,1707
NA19982,1708
HG02108,1709
NA20296,1710
HGDP01230,1711
HGDP01232,1712
HG02187,1713
HGDP01212,1714
HG02852,1715
HG02853,1716
HG01385,1717
HG01389,1718
NA12801,1719
HG01390,1720
HG02860,1721
HG02861,1722
HG02862,1723
HG01323,1724
HG01325,1725
HG01326,1726
HG00630,1727
HG00631,1728
HG00636,1729
HGDP00865,1730
HG00691,1731
HG01190,1732
HG01191,1733
HG01192,1734
HG01197,1735
HG01199,1736
NA18647,1737
NA18648,1738
NA19258,1739
HGDP00049,1740
HGDP00052,1741
HGDP00054,1742
HGDP00056,1743
HG02120,1744
NA07000,1745
NA19235,1746
HG02364,1747
HGDP00756,1748
HGDP00120,1749
HGDP00121,1750
HGDP00122,1751
HGDP00127,1752
HGDP00129,1753
NA19680,1754
HG00155,1755
HG01504,1756
NA19070,1757
NA19072,1758
NA19075,1759
NA19076,1760
NA19077,1761
HG03940,1762
HG03942,1763
HG01869,1764
HG01119,1765
HG03270,1766
HG02130,1767
HG02134,1768
HG02135,1769
HG02137,1770
HG00238,1771
NA12344,1772
HG01567,1773
HGDP00534,1774
HG00879,1775
HG03640,1776
HGDP00654,1777
HGDP00964,1778
HGDP01301,1779
HGDP00723,1780
HG00183,1781
NA10839,1782
HG00149,1783
NA06995,1784
HGDP01349,1785
HG00285,1786
HG02690,1787
NA20536,1788
NA20538,1789
NA20539,1790
HG01860,1791
HG01862,1792
HG01863,1793
HG01868,1794
HG02780,1795
NA18871,1796
NA18872,1797
NA18873,1798
HG00360,1799
HG04173,1800
HGDP00975,1801
NA19657,1802
NA11882,1803
NA19238,1804
HGDP00192,1805
HGDP00648,1806
LP6005441-DNA_F02,1807
NA18624,1808
HGDP00814,1809
NA07031,1810
HGDP00766,1811
HGDP00767,1812
HG01774,1813
NA11891,1814
HG03826,1815
HG00512,1816
HG00450,1817
HG01466,1818
HG01468,1819
HG01746,1820
HG02490,1821
HGDP00005,1822
HG01351,1823
NA10851,1824
NA10852,1825
NA20759,1826
HG01946,1827
HGDP01218,1828
HG03635,1829
HG03706,1830
HG03707,1831
HGDP00914,1832
HGDP01283,1833
HGDP01285,1834
HGDP01280,1835
HGDP01282,1836
HGDP00753,1837
HGDP00565,1838
HG02577,1839
HG03650,1840
HG03711,1841
HG00653,1842
HG00655,1843
HG00658,1844
NA20773,1845
NA20778,1846
HG03307,1847
HGDP00163,1848
HGDP00165,1849
HGDP01149,1850
HG04096,1851
HG04098,1852
HG01510,1853
HG00514,1854
HGDP00813,1855
HGDP01100,1856
NA19200,1857
NA19711,1858
HGDP00977,1859
LP6005441-DNA_E08,1860
HG04029,1861
HGDP00708,1862
HG02266,1863
HG02735,1864
HG00112,1865
HG00113,1866
HG00114,1867
HG00117,1868
HG00118,1869
HG00119,1870
HGDP00716,1871
HG04185,1872
HG03164,1873
HG03166,1874
HGDP00818,1875
HG04227,1876
HG04228,1877
HG04229,1878
NA19676,1879
HGDP00774,1880
HGDP00031,1881
HGDP00039,1882
HGDP00625,1883
HG03951,1884
HG03953,1885
HG04187,1886
HGDP00185,1887
HG01624,1888
HG01357,1889
HGDP01352,1890
HG00422,1891
HGDP01097,1892
HG02537,1893
HG02546,1894
HGDP01001,1895
HGDP01006,1896
HG02055,1897
HG02445,1898
HGDP01287,1899
NA18954,1900
NA18956,1901
NA18959,1902
NA19009,1903
HG02647,1904
NA19074,1905
HGDP00812,1906
HG01780,1907
NA12155,1908
HGDP00531,1909
NA18526,1910
NA19189,1911
NA19900,1912
HG03745,1913
NA19471,1914
NA19473,1915
NA19474,1916
NA19475,1917
NA10847,1918
NA12752,1919
HG02006,1920
LP6005442-DNA_B01,1921
HGDP00135,1922
HGDP00206,1923
NA06997,1924
HG00145,1925
HG01525,1926
HG02164,1927
HG02166,1928
HGDP00661,1929
HGDP00934,1930
NA18859,1931
HGDP00653,1932
NA20502,1933
HG03867,1934
HG03914,1935
HG03915,1936
HG02061,1937
HG02067,1938
HG02069,1939
HG03490,1940
HG02179,1941
HG00239,1942
HG01049,1943
LP6005441-DNA_H12,1944
NA19141,1945
NA19144,1946
NA19145,1947
NA19149,1948
HG02060,1949
HGDP00711,1950
HGDP00714,1951
HGDP00719,1952
HG00257,1953
NA19661,1954
HG00579,1955
LP6005441-DNA_C05,1956
HGDP01404,1957
NA12274,1958
NA10855,1959
HG01768,1960
NA19004,1961
HG03363,1962
HG03369,1963
NA18634,1964
NA18635,1965
HGDP00949,1966
HG00464,1967
HG00338,1968
NA19092,1969
NA19094,1970
HGDP00611,1971
NA21103,1972
HG02433,1973
HG02549,1974
HGDP01062,1975
NA12340,1976
NA12341,1977
NA12347,1978
HG02481,1979
HG03520,1980
HG03522,1981
HGDP00171,1982
HG02728,1983
HG03235,1984
HG01522,1985
HG01608,1986
HG00635,1987
HGDP01220,1988
HG00581,1989
NA12286,1990
HG01747,1991
NA19788,1992
NA20822,1993
NA20826,1994
HG01917,1995
HG03050,1996
HG01888,1997
NA20503,1998
NA12873,1999
HG03973,2000
HG03974,2001
HG01071,2002
HG01072,2003
HG01073,2004
HG01075,2005
HG01077,2006
HG01079,2007
HG00364,2008
HGDP00525,2009
NA18579,2010
HG00284,2011
HGDP00901,2012
HG01992,2013
NA18502,2014
LP6005441-DNA_E06,2015
HG01441,2016
HG01893,2017
NA19781,2018
HG04015,2019
NA18924,2020
NA18925,2021
NA18615,2022
HG03190,2023
HGDP00933,2024
NA19116,2025
HG03829,2026
NA20852,2027
HG02979,2028
NA20889,2029
HG00234,2030
NA19320,2031
NA19321,2032
NA19323,2033
NA19324,2034
NA19327,2035
NA19328,2036
HG03489,2037
NA18909,2038
HGDP00950,2039
HG03240,2040
LP6005443-DNA_E02,2041
HGDP01241,2042
NA18962,2043
HG00321,2044
HG00324,2045
HG00325,2046
HG00326,2047
HG00327,2048
HG00328,2049
HG03926,2050
NA19150,2051
HG03577,2052
HG03579,2053
HG01849,2054
HG03472,2055
HG00513,2056
HG03770,2057
HG01967,2058
HG01968,2059
HG01810,2060
HG01813,2061
HGDP00094,2062
HGDP00096,2063
HGDP00098,2064
HGDP00600,2065
NA18525,2066
HGDP00805,2067
HG03725,2068
LP6005441-DNA_C06,2069
HG03088,2070
HG03091,2071
HG03097,2072
HG03098,2073
NA20870,2074
HG00146,2075
NA18548,2076
HG01954,2077
HG01955,2078
HGDP01221,2079
LP6005443-DNA_A01,2080
HGDP00763,2081
NA12763,2082
HG02261,2083
HG02262,2084
HG01391,2085
HG02879,2086
HG03159,2087
SS6004469,2088
NA12827,2089
HG03572,2090
HG03574,2091
HG03576,2092
NA19062,2093
HG01551,2094
HG01149,2095
HG01620,2096
NA18577,2097
HG03100,2098
NA18907,2099
HG02132,2100
HG02811,2101
HG02886,2102
NA12146,2103
HG03795,2104
HG02938,2105
HG03518,2106
HG03519,2107
NA19247,2108
HG03814,2109
HG04147,2110
HG03272,2111
HG03279,2112
HG03838,2113
HG03848,2114
HGDP00558,2115
HG03849,2116
NA19750,2117
NA19751,2118
HG02463,2119
HG01518,2120
NA19080,2121
NA19081,2122
NA19086,2123
NA19087,2124
NA19088,2125
NA19089,2126
HGDP00210,2127
HG00130,2128
NA10831,2129
NA18740,2130
HGDP00578,2131
NA20527,2132
NA19020,2133
HGDP00043,2134
LP6005441-DNA_C01,2135
LP6005441-DNA_C03,2136
LP6005441-DNA_C07,2137
HGDP01316,2138
HGDP00734,2139
NA20874,2140
HG00538,2141
HG03024,2142
HG03025,2143
HG03026,2144
HG00731,2145
HGDP00738,2146
HG01671,2147
HG00436,2148
NA18858,2149
HG01874,2150
HG00736,2151
NA18930,2152
HGDP00167,2153
HG01686,2154
HG00350,2155
NA18633,2156
HGDP00820,2157
HGDP00823,2158
NA19198,2159
HG01358,2160
NA12273,2161
HG00641,2162
HG00524,2163
HG01474,2164
HG01479,2165
HG00096,2166
HGDP01066,2167
LP6005442-DNA_G01,2168
NA20761,2169
HGDP01225,2170
HGDP01226,2171
NA19658,2172
HGDP00962,2173
LP6005441-DNA_G05,2174
HG01028,2175
HG00181,2176
HG01133,2177
NA12335,2178
HG00728,2179
HG03653,2180
HG03654,2181
HGDP01173,2182
HG02580,2183
HG02015,2184
HG00662,2185
HG00664,2186
NA20785,2187
HGDP00179,2188
HGDP00803,2189
HGDP00288,2190
NA18749,2191
HG02136,2192
HG01275,2193
HGDP00678,2194
LP6005441-DNA_H09,2195
HG03160,2196
HG03161,2197
HG03163,2198
HG03844,2199
HGDP01152,2200
HG01124,2201
HG02272,2202
HG02274,2203
HG02275,2204
HG02277,2205
NA18539,2206
HG01532,2207
HG00120,2208
HG00121,2209
HG00123,2210
HG00126,2211
HG03172,2212
HG04239,2213
HG01345,2214
HG01348,2215
HG01349,2216
NA20509,2217
HGDP00041,2218
NA19792,2219
HGDP00045,2220
HGDP00782,2221
HG03639,2222
HGDP01077,2223
HGDP01231,2224
LP6005441-DNA_E09,2225
LP6005442-DNA_D01,2226
NA18877,2227
NA18906,2228
NA06993,2229
HG03716,2230
HG03905,2231
HG00376,2232
NA18960,2233
NA18961,2234
NA18967,2235
HG02058,2236
NA11830,2237
HGDP00924,2238
HGDP00925,2239
NA20910,2240
HGDP01351,2241
HG01867,2242
HGDP00279,2243
HG01604,2244
HG02449,2245
LP6005442-DNA_H01,2246
HGDP00683,2247
HGDP00684,2248
HGDP00685,2249
HGDP00687,2250
HGDP00689,2251
HGDP00214,2252
HG00176,2253
HGDP00205,2254
NA12546B,2255
HG03986,2256
NA18861,2257
NA18863,2258
HGDP00704,2259
HG00127,2260
HG00577,2261
HG02074,2262
HG02075,2263
HG02076,2264
HG02079,2265
HG03740,2266
HG02181,2267
HG02186,2268
HG02188,2269
HGDP00518,2270
HG01606,2271
LP6005592-DNA_B03,2272
NA19151,2273
HG01797,2274
HG00372,2275
HG00567,2276
NA19010,2277
HGDP00667,2278
NA12814,2279
HG02687,2280
NA10840,2281
HGDP00808,2282
HG03761,2283
LP6005441-DNA_A06,2284
HG01625,2285
HG01627,2286
HG03300,2287
HG03301,2288
HG03303,2289
HG03304,2290
HG03305,2291
HG03309,2292
HG01872,2293
HG01951,2294
HG00159,2295
HG02012,2296
HG02717,2297
HG02870,2298
HG00252,2299
HG01610,2300
HG02524,2301
HGDP00517,2302
NA06991,2303
HG03683,2304
HG03850,2305
HGDP01180,2306
LP6005441-DNA_D06,2307
HG00231,2308
HG01139,2309
HG01433,2310
HG01435,2311
HG01438,2312
HG01439,2313
HG02496,2314
HG03738,2315
NA12272,2316
HGDP00761,2317
HGDP01348,2318
HG01080,2319
HG01083,2320
HG01084,2321
HG01085,2322
HG01089,2323
NA06984,2324
NA06989,2325
HG01757,2326
NA07045,2327
LP6005441-DNA_D11,2328
LP6005441-DNA_D01,2329
NA20903,2330
HGDP00817,2331
HGDP00819,2332
HG02304,2333
HG01273,2334
HG01602,2335
NA18933,2336
NA18629,2337
HG01632,2338
HG03271,2339
HG04192,2340
HGDP00790,2341
NA19331,2342
NA19334,2343
HGDP00947,2344
HGDP00966,2345
NA20754,2346
LP6005441-DNA_B03,2347
HG02624,2348
HG03246,2349
HG00526,2350
NA19236,2351
HG00331,2352
HG00334,2353
HG00336,2354
HG01500,2355
HG01502,2356
HG02493,2357
HG03077,2358
HG00537,2359
HG02677,2360
HG03258,2361
HG04006,2362
HG03582,2363
HG03583,2364
HG03584,2365
HG00373,2366
HG01512,2367
HG03175,2368
HGDP01295,2369
NA20901,2370
NA20902,2371
HG03765,2372
NA20792,2373
NA19097,2374
HGDP00542,2375
NA11840,2376
NA19374,2377
NA19376,2378
NA19377,2379
NA19378,2380
NA19379,2381
NA18533,2382
HG01106,2383
NA07357,2384
HG04183,2385
NA12778,2386
HGDP01332,2387
NA19019,2388
NA18620,2389
HGDP01249,2390
NA20815,2391
HGDP01233,2392
HG01142,2393
HG02871,2394
NA12383,2395
HG02757,2396
NA12275,2397
HGDP00662,2398
HG02880,2399
HG02887,2400
HG02888,2401
HG02889,2402
HG04150,2403
HG03162,2404
HG03168,2405
HG00650,2406
HG00654,2407
HG04127,2408
HG01566,2409
HGDP00556,2410
NA18917,2411
HG00256,2412
HG02645,2413
HG02646,2414
HGDP00802,2415
NA20850,2416
NA19082,2417
HG03072,2418
HG03437,2419
HG03438,2420
HGDP00445,2421
HG03794,2422
HG00738,2423
HG00739,2424
HG04157,2425
HG03280,2426
NA07037,2427
NA19090,2428
HG02555,2429
HG01915,2430
HG03295,2431
LP6005441-DNA_H11,2432
HG02312,2433
NA18639,2434
HG00106,2435
NA20535,2436
HGDP00968,2437
HG03033,2438
HG03035,2439
NA20856,2440
HG02064,2441
LP6005443-DNA_A02,2442
HG02068,2443
NA12748,2444
HG04156,2445
HG02656,2446
HGDP00676,2447
HGDP00177,2448
HG02882,2449
NA12802,2450
NA21144,2451
HG00593,2452
HG00379,2453
NA11892,2454
HG00535,2455
HG01485,2456
HG01488,2457
HG01489,2458
NA18510,2459
NA18853,2460
NA19214,2461
HGDP01236,2462
HGDP01237,2463
HGDP01068,2464
NA19662,2465
HG01031,2466
NA18916,2467
NA12043,2468
HG02232,2469
HG03660,2470
HG00290,2471
NA20771,2472
HG00265,2473
HGDP00861,2474
HGDP00862,2475
HGDP00863,2476
HG03736,2477
NA20795,2478
HGDP00183,2479
HGDP00189,2480
HG02318,2481
NA20355,2482
NA18557,2483
NA18559,2484
HG00341,2485
HG04160,2486
HG02410,2487
HGDP01164,2488
LP6005441-DNA_G12,2489
HG02545,2490
NA18546,2491
HG02691,2492
HG02737,2493
HG01882,2494
NA20358,2495
HG04115,2496
NA19654,2497
NA19655,2498
HG00174,2499
NA18544,2500
HG00139,2501
NA20287,2502
NA20278,2503
HG03913,2504
HG01353,2505
HG01355,2506
HG04122,2507
HGDP00771,2508
HGDP01329,2509
HG03641,2510
NA11920,2511
HG03672,2512
HGDP00519,2513
NA18912,2514
NA18913,2515
HG00632,2516
NA18974,2517
NA20775,2518
HGDP00100,2519
HG01626,2520
HG03538,2521
NA11832,2522
HG01921,2523
HGDP00691,2524
HGDP00699,2525
HGDP01412,2526
HGDP01415,2527
HGDP00976,2528
HG02182,2529
HG02185,2530
HGDP00218,2531
HG03625,2532
NA21099,2533
HG03016,2534
HG03017,2535
HG03018,2536
HG03995,2537
HG02353,2538
HG02077,2539
NA18944,2540
HGDP01213,2541
HG00180,2542
HG01890,2543
HG02086,2544
HGDP01288,2545
HG00253,2546
NA12044,2547
NA12046,2548
HGDP00222,2549
NA20541,2550
LP6005441-DNA_G08,2551
NA12045,2552
HG01377,2553
HGDP00137,2554
HGDP01187,2555
HGDP01183,2556
HGDP00673,2557
HGDP00794,2558
HGDP00860,2559
HG03310,2560
HG03311,2561
HG03313,2562
HG02883,2563
HG01623,2564
HG00437,2565
HG04200,2566
HG04206,2567
HGDP00768,2568
NA19101,2569
NA10837,2570
HG01756,2571
LP6005441-DNA_C08,2572
HG00187,2573
HGDP00948,2574
NA12750,2575
NA20318,2576
NA20412,2577
HGDP01371,2578
LP6005441-DNA_B07,2579
HG01709,2580
HG01595,2581
NA20884,2582
NA21102,2583
NA21104,2584
NA21105,2585
NA21106,2586
NA21109,2587
HGDP01185,2588
HG00171,2589
HG01082,2590
NA19131,2591
LP6005441-DNA_G04,2592
NA19346,2593
NA19347,2594
HG04217,2595
NA18605,2596
HG02316,2597
HG02973,2598
NA19240,2599
HG03617,2600
HG03556,2601
HG03558,2602
HG01919,2603
HGDP00540,2604
HG02054,2605
NA19175,2606
LP6005441-DNA_E02,2607
HG00446,2608
LP6005442-DNA_B02,2609
NA19113,2610
HGDP00581,2611
HG01845,2612
NA18549,2613
NA19024,2614
HGDP00961,2615
HGDP00574,2616
HG02301,2617
HGDP00099,2618
HGDP00102,2619
LP6005441-DNA_H06,2620
LP6005441-DNA_H07,2621
HG00188,2622
HG02762,2623
HG02768,2624
HG01100,2625
HG01103,2626
HG01104,2627
HG01108,2628
HG01109,2629
HG00956,2630
HG01572,2631
HG01578,2632
HGDP00515,2633
HG01847,2634
HG01601,2635
HGDP00364,2636
HG03605,2637
SS6004474,2638
HG03446,2639
HG00554,2640
HG00555,2641
HG03294,2642
HG03299,2643
NA12739,2644
NA18543,2645
HG03866,2646
HGDP00791,2647
HGDP01290,2648
NA19772,2649
HG03699,2650
HG04118,2651
NA20543,2652
HGDP00546,2653
HG01633,2654
HG02070,2655
HG03239,2656
NA12815,2657
NA19779,2658
NA20828,2659
HG00542,2660
HG00543,2661
NA18870,2662
NA18878,2663
HG02724,2664
NA18943,2665
NA19224,2666
NA19225,2667
HGDP01244,2668
HGDP00009,2669
HGDP00870,2670
HGDP00872,2671
HGDP00877,2672
HG03741,2673
HG01842,2674
HGDP00199,2675
HG02224,2676
HG00105,2677
HG02360,2678
HG03065,2679
HG03066,2680
NA20760,2681
HGDP00747,2682
HG03199,2683
HG00269,2684
HG03267,2685
HG03269,2686
HG02126,2687
HG00982,2688
HGDP01337,2689
HG02308,2690
NA18593,2691
LP6005441-DNA_A05,2692
HG03790,2693
HG02476,2694
NA19249,2695
HG01673,2696
HG03122,2697
HG03540,2698
NA18995,2699
NA18550,2700
NA20763,2701
HG03925,2702
HGDP00609,2703
HG00701,2704
HG02541,2705
NA19172,2706
NA19173,2707
HG03697,2708
NA12056,2709
HGDP01193,2710
NA10845,2711
HG03123,2712
NA18503,2713
NA18504,2714
HG01251,2715
HG03834,2716
HG02219,2717
NA19648,2718
NA19902,2719
HG02890,2720
HG02733,2721
HG01241,2722
NA19653,2723
HG01761,2724
HGDP00781,2725
NA20797,2726
HG01916,2727
HG02450,2728
NA20805,2729
HG01773,2730
HG01685,2731
HG03308,2732
NA19201,2733
NA19202,2734
NA19206,2735
NA19208,2736
NA19119,2737
NA19660,2738
HGDP00735,2739
HG04063,2740
HG00463,2741
NA20846,2742
HG00281,2743
NA21110,2744
NA21111,2745
NA21112,2746
NA21113,2747
NA21115,2748
NA21117,2749
NA21118,2750
HG03718,2751
NA18516,2752
NA18517,2753
HG00438,2754
HG01894,2755
NA19146,2756
NA19025,2757
HG01965,2758
HG01927,2759
NA19651,2760
NA19350,2761
NA19351,2762
NA19355,2763
NA11919,2764
LP6005441-DNA_B02,2765
LP6005443-DNA_F02,2766
HG04222,2767
HG00351,2768
HG00357,2769
HG01279,2770
HG03565,2771
HG03567,2772
HG01343,2773
HG02648,2774
HG02727,2775
HG00560,2776
HG00700,2777
NA19121,2778
NA12057,2779
HG01851,2780
HG02667,2781
HG01667,2782
NA20507,2783
HGDP00213,2784
NA21126,2785
NA21128,2786
NA21129,2787
NA12717,2788
NA20129,2789
NA19030,2790
NA19037,2791
HGDP00304,2792
HG03521,2793
HGDP01397,2794
HG03306,2795
NA21087,2796
HG03119,2797
NA20332,2798
HG03781,2799
HG02442,2800
NA20348,2801
HGDP00972,2802
HG00672,2803
HGDP01075,2804
NA20849,2805
HG00235,2806
NA20807,2807
NA18951,2808
NA18953,2809
HG02731,2810
NA19031,2811
HGDP01181,2812
HGDP00092,2813
HG02661,2814
HG00128,2815
HG02696,2816
HG03911,2817
HGDP00577,2818
HGDP00555,2819
HG01898,2820
HG03888,2821
HGDP00438,2822
HG02302,2823
HG02303,2824
HGDP00762,2825
HGDP00764,2826
HGDP00769,2827
NA20342,2828
HG02643,2829
HG00427,2830
LP6005443-DNA_H01,2831
HG02734,2832
HGDP00664,2833
LP6005441-DNA_A03,2834
HGDP01162,2835
NA19171,2836
NA19174,2837
HG03681,2838
HGDP00131,2839
HGDP00133,2840
HGDP00136,2841
HGDP00139,2842
HG03750,2843
HG02233,2844
HG01895,2845
HG02427,2846
HG02429,2847
HG02878,2848
HG03824,2849
HG02371,2850
HG01871,2851
NA07034,2852
HGDP00333,2853
NA19649,2854
HG04132,2855
NA18566,2856
HG03937,2857
HG01374,2858
HG04140,2859
HG02139,2860
HG03663,2861
NA18935,2862
HG01126,2863
HGDP00557,2864
LP6005443-DNA_D01,2865
HGDP01382,2866
NA18965,2867
NA18522,2868
NA18908,2869
NA19652,2870
HGDP00248,2871
HG03209,2872
HG03775,2873
HG02282,2874
HGDP00757,2875
HG01508,2876
HGDP00967,2877
HG02334,2878
HGDP00566,2879
HGDP00601,2880
HGDP00602,2881
HGDP00604,2882
HGDP01065,2883
HG01791,2884
HG04225,2885
HGDP00541,2886
NA19669,2887
NA07055,2888
HG03478,2889
HG01461,2890
HG01463,2891
NA19102,2892
HGDP00960,2893
HGDP00963,2894
HGDP00965,2895
NA20809,2896
HG01782,2897
HG01783,2898
HG01784,2899
HG01786,2900
HG03040,2901
HG03041,2902
HGDP01399,2903
NA21122,2904
NA21123,2905
HG03863,2906
HG03960,2907
NA12718,2908
HG04164,2909
NA19154,2910
HG03793,2911
NA19360,2912
HG00365,2913
HG00367,2914
HG00368,2915
HG03616,2916
HGDP00371,2917
HG03571,2918
HG03575,2919
HG03578,2920
HGDP01166,2921
NA20863,2922
HG02675,2923
HG02679,2924
NA21130,2925
NA21133,2926
NA21135,2927
NA21137,2928
HG03695,2929
HG03900,2930
HG01852,2931
NA18596,2932
HG03312,2933
HG02649,2934
LP6005443-DNA_E08,2935
NA18497,2936
LP6005441-DNA_F04,2937
HGDP00230,2938
LP6005441-DNA_F01,2939
HG00267,2940
NA20806,2941
HG03785,2942
HGDP01171,2943
NA18963,2944
HG01668,2945
HGDP00620,2946
HG03469,2947
HGDP00470,2948
HG02122,2949
LP6005441-DNA_E05,2950
HG02721,2951
NA20321,2952
HGDP00671,2953
HG01850,2954
HG01855,2955
HG00264,2956
NA20756,2957
SS6004475,2958
HG00131,2959
HG03836,2960
SS6004468,2961
HG00233,2962
HG03705,2963
HG04035,2964
HG04036,2965
HG01529,2966
HG03012,2967
HG02240,2968
HG02439,2969
NA19713,2970
HGDP00302,2971
HGDP00535,2972
HG03086,2973
NA19683,2974
NA18571,2975
HG00160,2976
HG03651,2977
HG01605,2978
HG02142,2979
HG02325,2980
NA18621,2981
HG01599,2982
HG03732,2983
HG00530,2984
HGDP00804,2985
HG03595,2986
HG04134,2987
HG04135,2988
HG04136,2989
NA18572,2990
HG03103,2991
HG03108,2992
HG02689,2993
HGDP00528,2994
HG02968,2995
HG01593,2996
NA19191,2997
HG04211,2998
HG04212,2999
HG03971,3000
HG02511,3001
HG01987,3002
HGDP00669,3003
HGDP01071,3004
HG01848,3005
HG04002,3006
HG02970,3007
HG02972,3008
HG02975,3009
HG02976,3010
HG02977,3011
HG02978,3012
HG03342,3013
NA19138,3014
NA19114,3015
HGDP00258,3016
NA19108,3017
HG03837,3018
NA20812,3019
HGDP00001,3020
NA20851,3021
NA20858,3022
HG02471,3023
NA19153,3024
HGDP00341,3025
HGDP00630,3026
HG03955,3027
NA19372,3028
HG01577,3029
HG00371,3030
HG00375,3031
HG04174,3032
HGDP00382,3033
NA18508,3034
HG01949,3035
HG03105,3036
NA19143,3037
HGDP00752,3038
HG02225,3039
NA20767,3040
NA20524,3041
HGDP00237,3042
NA21141,3043
NA21142,3044
NA21143,3045
HG00642,3046
HG00473,3047
NA18573,3048
HGDP00815,3049
HG03008,3050
NA12740,3051
NA21095,3052
NA21097,3053
NA21098,3054
HGDP00958,3055
HGDP00959,3056
HGDP00241,3057
HGDP00247,3058
NA19650,3059
HG03594,3060
HGDP00560,3061
HG01755,3062
NA18975,3063
NA19122,3064
HGDP00274,3065
NA20522,3066
HGDP00372,3067
HG03470,3068
HGDP00720,3069
HG03690,3070
HG03807,3071
HG01935,3072
HG01944,3073
NA12843,3074
HG03487,3075
HGDP00298,3076
HG04042,3077
LP6005443-DNA_G02,3078
NA19199,3079
LP6005441-DNA_B01,3080
HG03823,3081
HG02574,3082
HG02702,3083
NA18950,3084
HG02897,3085
HGDP00631,3086
HG03096,3087
NA20796,3088
HGDP01328,3089
HGDP00017,3090
HG04195,3091
HG04161,3092
HG02153,3093
HGDP01305,3094
HG01501,3095
NA20528,3096
HG01704,3097
NA12749,3098
NA19197,3099
NA20878,3100
NA20888,3101
HG00532,3102
NA20281,3103
HG03114,3104
HG03115,3105
HG03117,3106
HG03118,3107
HG00607,3108
HG03722,3109
NA18595,3110
NA12829,3111
HG01710,3112
HG03792,3113
HG03354,3114
NA06985,3115
HG04001,3116
HG02778,3117
HG01614,3118
HG02947,3119
HG00189,3120
NA18854,3121
NA19909,3122
HG03846,3123
HG02809,3124
HG03249,3125
HG02484,3126
HG00717,3127
NA18973,3128
NA19712,3129
NA19834,3130
HGDP00974,3131
HG01130,3132
HG01131,3133
HG01134,3134
HG01135,3135
HG01138,3136
HGDP00750,3137
HG01603,3138
HGDP00730,3139
NA10843,3140
NA19215,3141
HGDP00197,3142
HG02569,3143
HG01878,3144
HGDP00666,3145
HGDP00668,3146
HGDP01099,3147
HG00261,3148
NA19923,3149
HGDP01386,3150
HG01889,3151
HG01959,3152
HG03812,3153
HGDP00392,3154
HG03703,3155
NA18561,3156
HG03773,3157
NA20772,3158
HG03054,3159
NA18499,3160
HG02625,3161
HG02703,3162
NA18862,3163
HG03238,3164
HG02644,3165
HG04182,3166
NA12753,3167
HGDP00583,3168
HG00584,3169
HG00585,3170
HGDP01248,3171
HG01670,3172
HGDP00937,3173
NA20894,3174
NA19213,3175
HG03729,3176
HG01679,3177
HGDP00321,3178
HG03868,3179
HG03869,3180
HG00185,3181
NA19901,3182
HG01699,3183
NA20532,3184
HG04152,3185
NA12751,3186
LP6005441-DNA_B06,3187
NA20892,3188
NA20896,3189
NA20899,3190
HG03121,3191
HG03127,3192
HG03727,3193
NA19704,3194
NA19705,3195
HG01048,3196
HG01616,3197
HG01253,3198
HG01257,3199
HG01258,3200
HGDP00755,3201
HGDP00788,3202
HGDP00239,3203
HGDP00537,3204
HG02016,3205
NA18632,3206
NA19128,3207
HG03251,3208
LP6005441-DNA_B08,3209
LP6005592-DNA_C03,3210
HG03596,3211
HG03685,3212
HG01526,3213
HG03652,3214
NA19118,3215
HG04158,3216
HG02127,3217
HG03101,3218
HG02571,3219
HG02572,3220
HG03455,3221
HG03464,3222
NA20861,3223
NA18564,3224
HG04047,3225
HG01344,3226
HG04219,3227
HGDP00776,3228
HGDP01259,3229
HGDP00822,3230
NA12156,3231
HG02775,3232
HG03731,3233
NA18626,3234
HG01789,3235
NA19836,3236
NA21086,3237
HG02497,3238
HG03870,3239
HG03871,3240
HG03872,3241
NA12832,3242
HGDP00070,3243
HGDP00639,3244
HGDP00641,3245
HGDP00642,3246
HGDP00643,3247
HGDP00649,3248
HGDP00315,3249
HG02317,3250
NA19983,3251
HGDP00536,3252
HG00625,3253
HG03557,3254
HG03559,3255
HG03684,3256
HG01269,3257
HG02557,3258
HGDP00561,3259
HG03247,3260
HG02964,3261
NA12875,3262
LP6005441-DNA_F09,3263
NA19139,3264
HGDP00710,3265
HG01765,3266
NA18875,3267
HGDP00281,3268
NA20821,3269
HG00260,3270
NA19127,3271
NA20504,3272
NA10864,3273
LP6005441-DNA_C11,3274
HG03110,3275
NA21108,3276
HGDP01064,3277
HGDP00559,3278
HG02587,3279
HG02588,3280
HG00243,3281
NA19115,3282
HG03692,3283
HG03202,3284
LP6005441-DNA_D10,3285
HG03746,3286
HG00578,3287
HG03796,3288
HGDP01341,3289
NA18537,3290
NA19924,3291
NA18748,3292
HG03563,3293
HGDP00598,3294
NA21088,3295
NA21089,3296
HG04038,3297
HG00418,3298
HG00236,3299
HGDP00828,3300
HG00288,3301
HGDP00251,3302
HG00734,3303
HG02786,3304
HGDP00700,3305
NA19703,3306
NA20289,3307
HGDP01254,3308
HG00733,3309
HGDP01396,3310
HG03230,3311
HG03236,3312
HGDP01340,3313
HGDP00663,3314
NA21091,3315
HG04186,3316
NA19917,3317
HG03882,3318
NA20891,3319
HG03136,3320
HG00148,3321
HG01507,3322
HG02491,3323
HG02283,3324
NA19914,3325
HG01925,3326
HGDP00587,3327
HG02698,3328
HG01861,3329
HG00566,3330
HG04033,3331
NA18860,3332
HG02694,3333
HG02699,3334
HG03694,3335
HG01271,3336
HG01272,3337
HG01274,3338
HG01276,3339
HG03679,3340
NA20783,3341
HG02014,3342
NA19148,3343
HG03873,3344
HG03825,3345
HG03388,3346
NA20334,3347
HGDP01104,3348
HGDP00243,3349
HG02234,3350
HG03125,3351
HGDP00562,3352
HGDP00563,3353
HGDP00567,3354
HGDP00568,3355
HG02590,3356
HG02594,3357
HG02595,3358
HGDP00635,3359
HGDP00638,3360
HG02729,3361
HG03934,3362
HGDP00674,3363
HG01942,3364
HG01943,3365
HG03833,3366
HG01985,3367
HG01986,3368
NA20282,3369
HGDP00285,3370
NA20757,3371
HGDP00201,3372
NA21116,3373
HG03291,3374
NA19132,3375
HGDP00191,3376
HGDP00475,3377
HG04177,3378
HG02805,3379
HG02819,3380
NA18511,3381
NA20810,3382
NA18542,3383
HGDP00584,3384
HG02678,3385
HG02984,3386
HG01105,3387
HG01866,3388
HG03432,3389
HG03436,3390
HG02489,3391
HG02620,3392
HG02621,3393
HG02622,3394
HG02629,3395
HG01509,3396
HG04017,3397
HG04141,3398
HG04142,3399
HG04149,3400
NA20869,3401
NA20508,3402
HG01687,3403
HGDP00520,3404
HGDP00524,3405
HG03668,3406
HGDP01291,3407
HGDP00228,3408
HGDP00622,3409
NA20520,3410
HG02891,3411
HG02681,3412
HG03593,3413
HG00443,3414
NA19023,3415
HG03831,3416
NA19256,3417
NA19026,3418
NA19027,3419
HG02945,3420
HGDP00259,3421
NA12762,3422
HGDP00571,3423
HGDP00573,3424
HGDP00575,3425
HGDP00579,3426
NA19130,3427
HG02839,3428
HG01933,3429
HG01936,3430
HG01937,3431
NA19152,3432
HGDP00626,3433
HGDP00779,3434
LP6005441-DNA_H08,3435
HG01613,3436
HGDP00011,3437
NA18608,3438
HG02820,3439
HG02821,3440
HG01884,3441
HG01885,3442
HG02983,3443
NA18923,3444
HG03644,3445
HG03442,3446
HGDP00727,3447
HG03084,3448
NA19203,3449
HGDP01405,3450
HG02630,3451
HG04023,3452
HG04026,3453
HGDP00634,3454
HGDP00636,3455
HGDP00637,3456
HG02772,3457
HG02773,3458
NA18622,3459
HG03624,3460
HGDP00613,3461
HG04056,3462
NA18911,3463
HGDP01255,3464
HGDP00512,3465
HG00190,3466
HG00136,3467
NA19038,3468
HG00259,3469
HGDP00580,3470
HGDP00582,3471
HGDP00586,3472
HG02924,3473
HG00735,3474
HG03604,3475
NA20906,3476
NA19159,3477
HG01948,3478
HG02143,3479
HG03607,3480
NA18553,3481
HG02017,3482
HG02756,3483
NA19922,3484
NA18507,3485
NA20867,3486
HG02764,3487
HGDP00916,3488
HG03710,3489
NA20581,3490
HG01571,3491
HGDP00736,3492
NA19707,3493
NA19184,3494
NA19186,3495
HGDP00640,3496
HGDP00644,3497
HGDP00645,3498
HGDP00647,3499
HGDP01408,3500
HGDP00680,3501
HG01698,3502
HGDP00545,3503
HG03170,3504
HG02332,3505
HG01886,3506
NA20339,3507
HGDP01383,3508
NA19701,3509
NA19702,3510
HG03620,3511
NA12236,3512
HG01873,3513
NA19913,3514
HGDP00595,3515
HGDP00599,3516
HGDP00751,3517
NA19185,3518
HG02680,3519
HG02800,3520
HG02808,3521
HG03789,3522
HG03762,3523
LP6005441-DNA_B05,3524
HG00589,3525
NA18506,3526
NA20911,3527
HG00705,3528
HGDP00376,3529
NA20505,3530
HGDP00744,3531
HG00271,3532
HG00186,3533
HGDP01069,3534
HG00448,3535
HG03856,3536
NA18976,3537
HG01538,3538
HG03821,3539
HG03124,3540
HG01960,3541
HG01988,3542
HG01989,3543
HG00419,3544
HG02685,3545
HGDP00264,3546
HG03798,3547
HG03079,3548
HG04204,3549
HG02774,3550
HG02812,3551
HG02582,3552
HGDP00910,3553
HG00591,3554
HG03719,3555
HGDP01169,3556
HGDP00473,3557
HGDP00939,3558
HG04076,3559
HG03963,3560
HGDP00169,3561
NA20516,3562
HG03126,3563
NA20317,3564
HG03917,3565
HGDP00906,3566
HGDP01200,3567
HGDP01201,3568
HGDP01202,3569
NA19107,3570
HG03112,3571
HG04189,3572
HG02701,3573
HG03908,3574
HG02954,3575
HGDP01074,3576
HG01711,3577
NA20320,3578
HGDP00724,3579
HGDP00726,3580
HGDP00729,3581
HGDP01398,3582
NA20755,3583
HG04162,3584
HG04184,3585
HG01990,3586
HG03902,3587
NA18518,3588
HG04199,3589
HG03539,3590
HGDP00907,3591
HG02787,3592
HG02789,3593
HG03385,3594
HGDP00326,3595
HGDP00330,3596
HGDP01151,3597
HG02052,3598
HG02799,3599
HG03896,3600
HGDP00007,3601
HG01122,3602
HG03778,3603
HGDP00935,3604
HG01815,3605
NA20847,3606
HG02655,3607
HG01870,3608
HGDP00731,3609
HGDP00732,3610
HGDP00733,3611
NA20356,3612
HG04090,3613
HG04093,3614
HGDP00672,3615
HG03669,3616
HG02502,3617
HG03909,3618
HG04146,3619
HG04148,3620
HGDP01063,3621
HGDP01167,3622
HG00978,3623
HG03419,3624
HG03428,3625
NA18852,3626
HG00242,3627
HG02922,3628
HG02837,3629
NA20582,3630
NA20585,3631
NA20586,3632
HG03713,3633
HG03611,3634
HGDP00971,3635
HG02508,3636
HG02965,3637
HG02966,3638
HG01611,3639
HG03410,3640
HG01958,3641
HG00177,3642
HGDP01070,3643
HGDP00244,3644
NA20897,3645
NA20908,3646
HGDP00459,3647
HGDP00741,3648
NA20881,3649
NA20875,3650
NA20588,3651
NA19100,3652
HG02723,3653
HGDP00905,3654
HG04153,3655
HGDP00309,3656
HGDP00468,3657
NA20298,3658
HG01462,3659
NA18485,3660
HG00444,3661
HG03985,3662
NA20885,3663
NA20890,3664
HG02840,3665
HG02971,3666
HG02759,3667
HG02760,3668
HG02761,3669
HG02575,3670
HG01883,3671
HG02322,3672
NA20544,3673
NA18881,3674
HG03757,3675
NA18948,3676
HGDP01302,3677
HG02586,3678
HG03784,3679
HG03928,3680
NA19919,3681
HGDP00623,3682
HGDP00942,3683
HG03606,3684
NA20845,3685
HG03449,3686
HG00452,3687
HG00457,3688
NA18914,3689
HG03947,3690
HGDP00323,3691
HG03744,3692
HG01892,3693
NA20864,3694
HG02589,3695
HG03771,3696
HG03378,3697
NA20866,3698
HG00277,3699
HG03922,3700
NA20357,3701
HG03113,3702
HG00544,3703
HG03061,3704
HG02605,3705
HGDP00224,3706
HG03689,3707
HG02738,3708
HG04171,3709
NA19098,3710
HGDP00992,3711
LP6005441-DNA_A11,3712
HG02536,3713
HG03875,3714
HG03453,3715
HG04209,3716
HGDP00646,3717
HG03691,3718
HG03698,3719
HG03445,3720
HGDP00682,3721
HG02051,3722
HG02736,3723
HG02494,3724
HG03479,3725
HG03228,3726
NA20804,3727
HG02807,3728
HG02769,3729
HG01046,3730
HG01112,3731
HGDP00433,3732
HG02818,3733
HGDP00402,3734
HGDP00407,3735
HG02107,3736
HG02563,3737
NA18855,3738
HG03772,3739
HG03700,3740
HG03212,3741
HG03721,3742
HGDP00983,3743
HGDP00984,3744
NA20126,3745
NA19904,3746
HGDP01258,3747
HG02952,3748
NA19920,3749
HG03039,3750
HG02628,3751
HGDP00994,3752
NA20799,3753
HGDP01161,3754
HGDP00538,3755
HGDP01413,3756
HG03809,3757
HGDP00458,3758
NA20819,3759
NA18547,3760
HGDP00412,3761
HGDP00417,3762
HG00410,3763
NA20862,3764
NA20887,3765
HG00143,3766
NA18857,3767
HG04175,3768
HG04188,3769
HG03585,3770
HG01695,3771
NA19835,3772
LP6005441-DNA_A09,3773
HG01596,3774
LP6005441-DNA_C10,3775
HG02810,3776
NA18534,3777
HG02603,3778
HG04100,3779
NA20868,3780
HGDP00514,3781
NA20127,3782
HG04094,3783
HGDP00359,3784
HG04054,3785
HG03476,3786
HGDP00464,3787
HG00451,3788
HG03919,3789
HGDP00918,3790
HGDP00919,3791
HG02330,3792
HGDP00675,3793
HGDP00677,3794
HGDP00679,3795
NA20882,3796
HG03927,3797
HG02337,3798
HG01583,3799
HG02280,3800
NA21120,3801
HGDP00319,3802
HGDP00549,3803
HGDP01086,3804
HGDP01087,3805
HGDP01081,3806
LP6005441-DNA_A08,3807
HG02144,3808
HG02145,3809
HG03636,3810
HG04144,3811
NA11994,3812
HG04155,3813
HG01891,3814
HG04159,3815
HGDP00624,3816
HG02343,3817
HG02464,3818
HG02716,3819
NA19103,3820
HGDP00444,3821
HG02941,3822
HG02946,3823
HGDP01406,3824
HG00479,3825
HGDP00313,3826
NA20525,3827
HG03452,3828
HG00408,3829
HG00480,3830
HG00254,3831
HGDP00453,3832
HG04070,3833
HG03488,3834
NA18613,3835
HG02465,3836
HGDP00911,3837
HG02692,3838
HG02700,3839
HG01589,3840
HGDP01256,3841
HGDP00346,3842
HG02650,3843
HG03680,3844
HG02651,3845
HG02323,3846
NA18505,3847
HG04003,3848
HG01912,3849
HG02307,3850
HG02568,3851
HG03743,3852
HG02813,3853
HG02815,3854
HG03073,3855
HGDP00608,3856
HGDP00610,3857
HGDP00612,3858
HGDP00614,3859
HGDP00615,3860
HGDP00618,3861
HG03642,3862
NA18484,3863
HGDP00912,3864
HGDP00913,3865
HGDP00917,3866
HGDP00670,3867
HG04180,3868
NA19818,3869
HG00580,3870
HG03027,3871
HG03028,3872
HG03029,3873
HG00407,3874
HG02634,3875
HGDP00627,3876
HGDP00628,3877
NA20876,3878
NA20877,3879
HG03074,3880
HG04235,3881
HG03682,3882
NA19137,3883
NA19916,3884
NA19918,3885
HG01612,3886
HG03779,3887
HG03034,3888
HG02836,3889
HG02838,3890
HG03977,3891
HG04060,3892
HGDP00356,3893
HG03864,3894
HGDP00015,3895
HG04061,3896
HG03200,3897
NA18489,3898
HG03078,3899
HG02662,3900
HGDP00181,3901
HG03801,3902
HG03788,3903
HG02281,3904
HGDP00471,3905
HG03007,3906
HG03224,3907
HGDP00234,3908
HG03085,3909
HG03708,3910
HG03229,3911
HGDP00467,3912
HG03673,3913
HG02948,3914
NA20279,3915
HG02676,3916
HG02284,3917
HGDP01224,3918
HG01896,3919
HG03099,3920
HG03774,3921
HG02704,3922
HG03717,3923
HGDP00478,3924
HG03730,3925
NA19109,3926
HG03633,3927
HG03055,3928
NA18856,3929
HGDP00686,3930
HG03693,3931
HG04080,3932
HG03615,3933
HG01524,3934
NA20904,3935
HG02009,3936
HG04020,3937
HG00137,3938
HG03797,3939
HG03799,3940
NA18597,3941
HG03667,3942
HG02583,3943
HG03376,3944
HG03696,3945
HG02923,3946
NA20291,3947
NA19984,3948
NA18879,3949
HGDP01033,3950
HG03742,3951
HG02892,3952
HGDP00462,3953
HGDP00463,3954
HG03045,3955
HG03046,3956
HG03047,3957
HG03433,3958
HG02806,3959
LP6005441-DNA_A01,3960
NA18915,3961
HG02697,3962
HG03786,3963
HGDP00931,3964
NA19908,3965
HG03861,3966
HG00475,3967
NA20276,3968
HG03259,3969
HG02570,3970
HG03634,3971
HG03907,3972
HG03052,3973
HG03260,3974
HGDP01385,3975
HG03401,3976
HG02010,3977
HG02053,3978
HG02814,3979
HGDP00576,3980
HG02011,3981
HG03237,3982
HG02953,3983
NA20886,3984
HGDP00450,3985
HGDP00277,3986
NA20346,3987
HG03800,3988
HG02817,3989
HG02652,3990
HG02653,3991
HG03920,3992
HGDP00908,3993
HG02600,3994
HG02623,3995
HG01706,3996
HG03646,3997
NA18486,3998
HG00421,3999
HG02763,4000
HG03439,4001
HGDP01096,4002
HG03603,4003
HGDP00388,4004
HG02095,4005
HG00403,4006
HG02420,4007
HGDP00455,4008
HG02683,4009
HG03225,4010
HG02610,4011
HGDP00619,4012
HG02255,4013
HG01707,4014
HGDP00460,4015
HGDP00465,4016
HGDP00469,4017
HG02584,4018
HG00409,4019
HG02111,4020
HG04193,4021
HG03945,4022
HG01879,4023
HG03702,4024
HGDP00632,4025
HGDP00454,4026
HG01897,4027
NA19828,4028
HGDP00629,4029
LP6005443-DNA_G08,4030
HGDP01299,4031
HG02602,4032
HG03056,4033
HG02884,4034
HG02881,4035
HG02657,4036
HG01887,4037
HG04191,4038
HG02885,4039
NA20294,4040
HG03081,4041
SS6004471,4042
HG02798,4043
HG03720,4044
NA20872,4045
HGDP00904,4046
HG03063,4047
HG03649,4048
SS6004473,4049
HG03874,4050
HG03704,4051
HG02461,4052
HG03941,4053
NA20340,4054
HGDP01029,4055
LP6005441-DNA_B11,4056
HG02477,4057
HG01914,4058
HG02715,4059
HG02770,4060
HG02466,4061
HG02943,4062
HG03082,4063
HG03733,4064
HG02612,4065
HG02256,4066
HG03686,4067
HG02658,4068
HG02462,4069
HG03009,4070
NA19700,4071
NA19819,4072
HG03787,4073
HG03645,4074
HG03057,4075
HG02722,4076
HG03714,4077
HG02851,4078
HG02854,4079
HG03069,4080
HG03064,4081
HG03058,4082
HGDP01304,4083
HG02804,4084
HG02636,4085
HG02561,4086
HG02573,4087
HG02635,4088
HG04014,4089
NA19625,4090
